ITEM#,friction,bendingWeft,bucklingStiffnessWeft,thickness,bucklingStiffnessBias,bucklingRatioWarp,bendingBias,internalDamping,stretchWarp,stretchWeft,bucklingRatioWias,bucklingRatioWeft,density,shear,bendingWarp,bucklingStiffnessWarp
#1001 SKIN+CIRE,0.029999999329447746,27.4658203125,0.0,0.07000000029802322,0.0,0.0,36.62109375,9.999999747378752e-05,1000000.0,1000000.0,0.0,0.0,38.88888931274414,25206.509765625,45.7763671875,0.0
#1025 SKIN+,0.029999999329447746,100.7080078125,0.0,0.11999999731779099,0.0,0.0,234.9853515625,9.999999747378752e-05,1000000.0,1000000.0,0.0,0.0,45.959598541259766,98017.9296875,369.2626953125,0.0
#1128 C2L,0.029999999329447746,192.2607421875,0.0,0.07999999821186066,0.0,0.0,268.5546875,9.999999747378752e-05,1000000.0,1000000.0,0.0,0.0,43.43434524536133,12141.4794921875,344.8486328125,0.0
#1754 WR,0.029999999329447746,1217.6513671875,0.0,0.49000000953674316,0.0,0.0,2560.4248046875,9.999999747378752e-05,150546.53125,649094.125,0.0,0.0,261.1111145019531,132290.15625,3903.1982421875,0.0
#1840,0.029999999329447746,76.2939453125,0.0,0.17000000178813934,0.0,0.0,76.2939453125,9.999999747378752e-05,313735.1875,183954.40625,0.0,0.0,80.8080825805664,12871.1953125,76.2939453125,0.0
#4509 PU2,0.029999999329447746,37503.05078125,0.0,0.5360000133514404,0.0,0.0,68750.0,9.999999747378752e-05,1000000.0,1000000.0,0.0,0.0,333.8384094238281,483411.28125,99996.953125,0.0
#4707 W3L,0.029999999329447746,18753.05078125,0.0,0.6600000262260437,0.0,0.0,21875.0,9.999999747378752e-05,1000000.0,1000000.0,0.0,0.0,388.38385009765625,1000000.0,24996.94921875,0.0
#4820 PU2,0.029999999329447746,3121.9482421875,0.0,0.6299999952316284,0.0,0.0,14840.69921875,9.999999747378752e-05,1000000.0,1000000.0,0.0,0.0,347.4747619628906,889907.75,26559.44921875,0.0
#7123 PU2,0.029999999329447746,4690.5517578125,0.0,0.3400000035762787,0.0,0.0,7034.3017578125,9.999999747378752e-05,1000000.0,1000000.0,0.0,0.0,161.6161651611328,112481.734375,9378.0517578125,0.0
#7172 TEF,0.029999999329447746,31246.94921875,0.0,0.9860000014305115,0.0,0.0,41403.19921875,9.999999747378752e-05,735024.8125,662685.125,0.0,0.0,420.7070617675781,135310.796875,51559.44921875,0.0
#8102P,0.029999999329447746,588.9892578125,0.0,0.2240000069141388,0.0,0.0,637.8173828125,9.999999747378752e-05,1000000.0,539616.4375,0.0,0.0,94.94949340820312,80999.9375,686.6455078125,0.0
(G)H170470,0.029999999329447746,1174.9267578125,0.0,0.5600000023841858,0.0,0.0,735.4736328125,9.999999747378752e-05,264812.0,53102.390625,0.0,0.0,253.03030395507812,14316.1220703125,296.0205078125,0.0
14028A,0.029999999329447746,1467.8955078125,0.0,0.8579999804496765,0.0,0.0,1342.7734375,9.999999747378752e-05,157423.1875,176009.0625,0.0,0.0,384.8484802246094,8760.1357421875,1217.6513671875,0.0
160076-1,0.029999999329447746,485.2294921875,0.0,0.49000000953674316,0.0,0.0,460.8154296875,9.999999747378752e-05,254794.03125,134200.4375,0.0,0.0,171.71717834472656,57433.06640625,436.4013671875,0.0
160135,0.029999999329447746,4879.7607421875,0.0,0.7739999890327454,0.0,0.0,5953.9794921875,9.999999747378752e-05,624265.125,624018.5,0.0,0.0,333.3333435058594,280236.5625,7028.1982421875,0.0
17CJS1287,0.029999999329447746,973.5107421875,0.0,0.3310000002384186,0.0,0.0,985.7177734375,9.999999747378752e-05,1000000.0,269742.875,0.0,0.0,192.92929077148438,69701.84375,997.9248046875,0.0
18399 DTP(PP),0.029999999329447746,3317.2607421875,0.0,1.3700000047683716,0.0,0.0,4003.90625,9.999999747378752e-05,330982.28125,227408.734375,0.0,0.0,387.8787536621094,8825.1875,4690.5517578125,0.0
518221,0.029999999329447746,411.9873046875,0.0,0.6499999761581421,0.0,0.0,964.35546875,9.999999747378752e-05,262675.3125,157500.15625,0.0,0.0,241.41415405273438,25008.09375,1516.7236328125,0.0
578244,0.029999999329447746,387.5732421875,0.0,0.6100000143051147,0.0,0.0,537.109375,9.999999747378752e-05,148809.375,83396.734375,0.0,0.0,238.88890075683594,7162.005859375,686.6455078125,0.0
618260,0.029999999329447746,88.5009765625,0.0,0.07000000029802322,0.0,0.0,433.349609375,9.999999747378752e-05,1000000.0,196728.984375,0.0,0.0,60.60606384277344,7916.9150390625,778.1982421875,0.0
627708,0.029999999329447746,3512.5732421875,0.0,0.25,0.0,0.0,6445.3125,9.999999747378752e-05,115365.3125,65963.2265625,0.0,0.0,164.14141845703125,66173.453125,9378.0517578125,0.0
678122,0.029999999329447746,1174.9267578125,0.0,0.1599999964237213,0.0,0.0,881.9580078125,9.999999747378752e-05,803517.5625,162517.0625,0.0,0.0,109.5959701538086,41300.6015625,588.9892578125,0.0
6935P,0.029999999329447746,2737.4267578125,0.0,0.6100000143051147,0.0,0.0,2246.09375,9.999999747378752e-05,338444.8125,179429.40625,0.0,0.0,202.5252685546875,183567.046875,1754.7607421875,0.0
7A7542,0.029999999329447746,1559.4482421875,0.0,0.41200000047683716,0.0,0.0,1754.7607421875,9.999999747378752e-05,307299.5,202063.78125,0.0,0.0,128.2828369140625,18096.12890625,1950.0732421875,0.0
7A7542C,0.029999999329447746,485.2294921875,0.0,0.41600000858306885,0.0,0.0,6491.0888671875,9.999999747378752e-05,528691.125,7449.28466796875,0.0,0.0,137.8787841796875,18058.984375,12496.9482421875,0.0
7A7557,0.029999999329447746,4690.5517578125,0.0,0.34700000286102295,0.0,0.0,3149.4140625,9.999999747378752e-05,1000000.0,1000000.0,0.0,0.0,109.09091186523438,9392.724609375,1608.2763671875,0.0
7A7815,0.029999999329447746,283.8134765625,0.0,0.1599999964237213,0.0,0.0,521.8505859375,9.999999747378752e-05,301885.5625,181213.015625,0.0,0.0,51.51515197753906,26462.677734375,759.8876953125,0.0
AC-291 BR-3L,0.029999999329447746,12496.9482421875,0.0,0.4399999976158142,0.0,0.0,18746.94921875,9.999999747378752e-05,148015.625,165639.921875,0.0,0.0,280.8080749511719,172875.96875,24996.94921875,0.0
AD14139 FD,0.029999999329447746,9378.0517578125,0.0,0.7200000286102295,0.0,0.0,11718.75,9.999999747378752e-05,596273.25,797363.875,0.0,0.0,361.1111145019531,186688.984375,14059.4482421875,0.0
AE-1508 BO,0.029999999329447746,3030.3955078125,0.0,0.23999999463558197,0.0,0.0,2001.953125,9.999999747378752e-05,108975.984375,173539.265625,0.0,0.0,161.6161651611328,31652.962890625,973.5107421875,0.0
AE-1586 JVW1,0.029999999329447746,24996.94921875,0.0,0.25,0.0,0.0,17187.5,9.999999747378752e-05,53664.46484375,205435.90625,0.0,0.0,161.11111450195312,46980.92578125,9378.0517578125,0.0
AMBER,0.029999999329447746,3121.9482421875,0.0,0.31700000166893005,0.0,0.0,4684.4482421875,9.999999747378752e-05,1000000.0,1000000.0,0.0,0.0,189.39393615722656,40315.58203125,6246.9482421875,0.0
ATTIVO-K1046-P,0.029999999329447746,3121.9482421875,0.0,0.2329999953508377,0.0,0.0,1864.6240234375,9.999999747378752e-05,539847.25,1000000.0,0.0,0.0,128.78787231445312,46386.6875,607.2998046875,0.0
AVIS 4300,0.029999999329447746,778.1982421875,0.0,0.12999999523162842,0.0,0.0,1074.21875,9.999999747378752e-05,1000000.0,1000000.0,0.0,0.0,80.30303192138672,7819.95458984375,1370.2392578125,0.0
BACK SULUB F-TERRY,0.029999999329447746,4690.5517578125,0.0,0.9819999933242798,0.0,0.0,4296.875,9.999999747378752e-05,33197.140625,46255.921875,0.0,0.0,298.4848327636719,32858.55078125,3903.1982421875,0.0
BACK TWIST F-TERRY.zfab,0.029999999329447746,5471.8017578125,0.0,1.3700000047683716,0.0,0.0,3421.0205078125,9.999999747378752e-05,488198.9375,522712.125,0.0,0.0,381.81817626953125,404869.125,1370.2392578125,0.0
BB0070A-1,0.029999999329447746,2151.4892578125,0.0,0.3400000035762787,0.0,0.0,1150.5126953125,9.999999747378752e-05,97166.3828125,106237.6328125,0.0,0.0,120.2020263671875,6282.39990234375,149.5361328125,0.0
BB0070A-2,0.029999999329447746,2346.8017578125,0.0,0.328000009059906,0.0,0.0,1232.91015625,9.999999747378752e-05,48976.0390625,104741.0234375,0.0,0.0,127.27272033691406,29393.37109375,119.0185546875,0.0
BB0070A-3,0.029999999329447746,485.2294921875,0.0,0.31200000643730164,0.0,0.0,329.58984375,9.999999747378752e-05,23535.44921875,41155.25390625,0.0,0.0,127.77777862548828,85450.796875,173.9501953125,0.0
BD-0120,0.029999999329447746,149.5361328125,0.0,0.5199999809265137,0.0,0.0,143.4326171875,9.999999747378752e-05,40146.7421875,34103.0234375,0.0,0.0,138.3838348388672,10414.4462890625,137.3291015625,0.0
BIG STRIPE,0.029999999329447746,10940.5517578125,0.0,0.4699999988079071,0.0,0.0,7815.5517578125,9.999999747378752e-05,721678.75,655370.1875,0.0,0.0,201.01010131835938,8160.2451171875,4690.5517578125,0.0
BM-3651Z4,0.029999999329447746,149.5361328125,0.0,0.10000000149011612,0.0,0.0,1248.1689453125,9.999999747378752e-05,1000000.0,1000000.0,0.0,0.0,85.3535385131836,24121.1640625,2346.8017578125,0.0
BONTEX-1153,0.029999999329447746,14059.4482421875,0.0,1.1640000343322754,0.0,0.0,13278.1982421875,9.999999747378752e-05,546344.9375,709277.8125,0.0,0.0,344.9494934082031,395060.0625,12496.9482421875,0.0
BPT-829HZ,0.029999999329447746,1559.4482421875,0.0,0.2709999978542328,0.0,0.0,3903.1982421875,9.999999747378752e-05,1000000.0,1000000.0,0.0,0.0,212.6262664794922,62343.5390625,6246.9482421875,0.0
BPTS-81089,0.029999999329447746,94.6044921875,0.0,0.5400000214576721,0.0,0.0,155.6396484375,9.999999747378752e-05,28858.1640625,13994.267578125,0.0,0.0,186.8686981201172,6392.72216796875,216.6748046875,0.0
BPTS-PE16202,0.029999999329447746,344.8486328125,0.0,0.27000001072883606,0.0,0.0,366.2109375,9.999999747378752e-05,307497.4375,450882.78125,0.0,0.0,143.43434143066406,7136.17626953125,387.5732421875,0.0
BPTS-PN11319,0.029999999329447746,1559.4482421875,0.0,0.3100000023841858,0.0,0.0,1095.5810546875,9.999999747378752e-05,621856.25,357317.8125,0.0,0.0,148.98989868164062,28095.0703125,631.7138671875,0.0
BPTS-PN11340,0.029999999329447746,540.1611328125,0.0,0.33000001311302185,0.0,0.0,683.59375,9.999999747378752e-05,352408.0625,210454.546875,0.0,0.0,150.0,13077.890625,827.0263671875,0.0
BPTS-PN14262,0.029999999329447746,2346.8017578125,0.0,0.25,0.0,0.0,1416.015625,9.999999747378752e-05,404060.34375,437163.40625,0.0,0.0,135.85858154296875,12766.8115234375,485.2294921875,0.0
BPTS-PN16090,0.029999999329447746,387.5732421875,0.0,0.3100000023841858,0.0,0.0,436.4013671875,9.999999747378752e-05,396269.40625,653162.75,0.0,0.0,167.67677307128906,21559.28515625,485.2294921875,0.0
BPTS-PN17092,0.029999999329447746,588.9892578125,0.0,0.2800000011920929,0.0,0.0,500.48828125,9.999999747378752e-05,390875.3125,415263.9375,0.0,0.0,148.48484802246094,9024.291015625,411.9873046875,0.0
BPTS-PN17153,0.029999999329447746,973.5107421875,0.0,0.3199999928474426,0.0,0.0,1074.21875,9.999999747378752e-05,335395.96875,531666.125,0.0,0.0,151.01010131835938,14709.7412109375,1174.9267578125,0.0
C180007-1,0.029999999329447746,94.6044921875,0.0,0.4099999964237213,0.0,0.0,134.27734375,9.999999747378752e-05,111221.1796875,38283.97265625,0.0,0.0,164.64646911621094,13695.5546875,173.9501953125,0.0
CD90SP20(MELANGE),0.029999999329447746,76.2939453125,0.0,0.41999998688697815,0.0,0.0,158.69140625,9.999999747378752e-05,143483.0,342335.6875,0.0,0.0,177.27272033691406,10205.841796875,241.0888671875,0.0
CHANNEL STRIPE,0.029999999329447746,7809.4482421875,0.0,0.41999998688697815,0.0,0.0,4147.3388671875,9.999999747378752e-05,494664.375,852438.3125,0.0,0.0,134.34344482421875,87759.640625,485.2294921875,0.0
CL-010,0.029999999329447746,173.9501953125,0.0,0.38999998569488525,0.0,0.0,161.7431640625,9.999999747378752e-05,117883.1796875,136282.03125,0.0,0.0,165.65655517578125,35531.71875,149.5361328125,0.0
COCOA,0.029999999329447746,6246.9482421875,0.0,0.20800000429153442,0.0,0.0,6246.9482421875,9.999999747378752e-05,1000000.0,1000000.0,0.0,0.0,135.85858154296875,188070.796875,6246.9482421875,0.0
COMO METAL,0.029999999329447746,7809.4482421875,0.0,0.5299999713897705,0.0,0.0,6640.625,9.999999747378752e-05,1000000.0,1000000.0,0.0,0.0,129.2929229736328,57515.40234375,5471.8017578125,0.0
COMO TWEED,0.029999999329447746,37503.05078125,0.0,0.7730000019073486,0.0,0.0,25390.625,9.999999747378752e-05,1000000.0,1000000.0,0.0,0.0,213.63636779785156,69624.734375,13278.1982421875,0.0
CONSTELLATION,0.029999999329447746,540.1611328125,0.0,0.23999999463558197,0.0,0.0,756.8359375,9.999999747378752e-05,545102.375,616357.625,0.0,0.0,111.11111450195312,14767.84375,973.5107421875,0.0
D0411,0.029999999329447746,241.0888671875,0.0,0.44600000977516174,0.0,0.0,2069.091796875,9.999999747378752e-05,890994.6875,30357.513671875,0.0,0.0,249.4949493408203,7358.28515625,3897.0947265625,0.0
D0600-1,0.029999999329447746,6246.9482421875,0.0,0.6299999952316284,0.0,0.0,4879.7607421875,9.999999747378752e-05,400358.09375,103269.140625,0.0,0.0,335.3535461425781,24819.50390625,3512.5732421875,0.0
DG-9926,0.029999999329447746,2346.8017578125,0.0,0.17599999904632568,0.0,0.0,1321.4111328125,9.999999747378752e-05,206493.6875,869917.75,0.0,0.0,53.03030014038086,6483.4853515625,296.0205078125,0.0
DG-9947,0.029999999329447746,24996.94921875,0.0,0.3700000047683716,0.0,0.0,12670.8984375,9.999999747378752e-05,165020.375,116197.4453125,0.0,0.0,200.0,55164.84375,344.8486328125,0.0
DJ-174,0.029999999329447746,1321.4111328125,0.0,1.1749999523162842,0.0,0.0,3005.9814453125,9.999999747378752e-05,479410.5,122044.3203125,0.0,0.0,326.26263427734375,50845.0625,4690.5517578125,0.0
DN-7724SD,0.029999999329447746,192.2607421875,0.0,0.4399999976158142,0.0,0.0,384.521484375,9.999999747378752e-05,32946.953125,282518.625,0.0,0.0,194.94949340820312,236288.109375,576.7822265625,0.0
DN-7748-J,0.029999999329447746,271.6064453125,0.0,0.4519999921321869,0.0,0.0,354.00390625,9.999999747378752e-05,175324.90625,201512.921875,0.0,0.0,186.8686981201172,108753.09375,436.4013671875,0.0
DNN-4034-OP-6-2L,0.029999999329447746,192.2607421875,0.0,0.33000001311302185,0.0,0.0,216.6748046875,9.999999747378752e-05,267178.5,464928.1875,0.0,0.0,171.21212768554688,286394.3125,241.0888671875,0.0
DNN-4150FD BRUSHED,0.029999999329447746,1559.4482421875,0.0,0.6899999976158142,0.0,0.0,1538.0859375,9.999999747378752e-05,272082.90625,137538.890625,0.0,0.0,217.17172241210938,100576.3046875,1516.7236328125,0.0
DNPD-4022,0.029999999329447746,241.0888671875,0.0,0.550000011920929,0.0,0.0,659.1796875,9.999999747378752e-05,269291.0625,113098.2265625,0.0,0.0,185.8585968017578,193806.765625,1077.2705078125,0.0
DONGYANG SILK #2,0.029999999329447746,1370.2392578125,0.0,0.4620000123977661,0.0,0.0,2981.5673828125,9.999999747378752e-05,519885.125,464913.9375,0.0,0.0,243.93939208984375,36929.3359375,4592.8955078125,0.0
DOWN SKIN,0.029999999329447746,497.4365234375,0.0,0.5099999904632568,0.0,0.0,1028.4423828125,9.999999747378752e-05,650440.875,205781.75,0.0,0.0,253.03030395507812,224326.046875,1559.4482421875,0.0
DP-J02008-SR01,0.029999999329447746,149.5361328125,0.0,0.3720000088214874,0.0,0.0,149.5361328125,9.999999747378752e-05,12403.30078125,7350.22021484375,0.0,0.0,151.01010131835938,6129.32763671875,149.5361328125,0.0
DP-J03647-SR02,0.029999999329447746,271.6064453125,0.0,0.7900000214576721,0.0,0.0,378.41796875,9.999999747378752e-05,130502.1015625,168782.84375,0.0,0.0,207.5757598876953,55932.25,485.2294921875,0.0
DP-J50997-SC30,0.029999999329447746,119.0185546875,0.0,0.4620000123977661,0.0,0.0,119.0185546875,9.999999747378752e-05,12439.4287109375,8844.1640625,0.0,0.0,214.64646911621094,3763.723876953125,119.0185546875,0.0
DP-J50998-SR30,0.029999999329447746,149.5361328125,0.0,0.4699999988079071,0.0,0.0,170.8984375,9.999999747378752e-05,105543.96875,230324.796875,0.0,0.0,188.88890075683594,52233.52734375,192.2607421875,0.0
DP-J52014-SD30,0.029999999329447746,588.9892578125,0.0,0.5339999794960022,0.0,0.0,695.80078125,9.999999747378752e-05,55658.609375,30391.744140625,0.0,0.0,204.5454559326172,9882.0859375,802.6123046875,0.0
DRAGONFLY METAL JQD,0.029999999329447746,49996.94921875,0.0,0.5740000009536743,0.0,0.0,28027.34375,9.999999747378752e-05,1000000.0,1000000.0,0.0,0.0,249.4949493408203,19588.806640625,6057.7392578125,0.0
DSS-01,0.029999999329447746,87503.046875,0.0,1.0379999876022339,0.0,0.0,49999.99609375,9.999999747378752e-05,726391.1875,1000000.0,0.0,0.0,354.5454406738281,26968.453125,12496.9482421875,0.0
DSS-02,0.029999999329447746,49996.94921875,0.0,0.6259999871253967,0.0,0.0,28121.94921875,9.999999747378752e-05,1000000.0,1000000.0,0.0,0.0,256.06060791015625,42650.3984375,6246.9482421875,0.0
DSS-04,0.029999999329447746,24996.94921875,0.0,0.5519999861717224,0.0,0.0,14059.44921875,9.999999747378752e-05,183412.953125,423530.15625,0.0,0.0,184.34344482421875,6088.1484375,3121.9482421875,0.0
DSS-05,0.029999999329447746,24996.94921875,0.0,0.6869999766349792,0.0,0.0,14843.75,9.999999747378752e-05,493986.3125,1000000.0,0.0,0.0,224.74746704101562,124954.7109375,4690.5517578125,0.0
DSS-06,0.029999999329447746,48440.55078125,0.0,0.5699999928474426,0.0,0.0,28909.30078125,9.999999747378752e-05,1000000.0,1000000.0,0.0,0.0,188.88890075683594,126114.7109375,9378.0517578125,0.0
DSS-08,0.029999999329447746,6246.9482421875,0.0,0.37400001287460327,0.0,0.0,3857.421875,9.999999747378752e-05,273205.375,301309.875,0.0,0.0,130.80809020996094,6707.87939453125,1467.8955078125,0.0
DSS-11,0.029999999329447746,24996.94921875,0.0,0.7850000262260437,0.0,0.0,16403.19921875,9.999999747378752e-05,141163.9375,1000000.0,0.0,0.0,297.4747314453125,49967.0546875,7809.4482421875,0.0
DSS-12,0.029999999329447746,12112.4267578125,0.0,0.4659999907016754,0.0,0.0,7055.6640625,9.999999747378752e-05,670963.625,1000000.0,0.0,0.0,167.17172241210938,45517.8203125,1998.9013671875,0.0
DSS-13,0.029999999329447746,18753.05078125,0.0,0.6000000238418579,0.0,0.0,9963.98828125,9.999999747378752e-05,513246.0,771302.25,0.0,0.0,206.06060791015625,40595.97265625,1174.9267578125,0.0
DSS-17,0.029999999329447746,12496.9482421875,0.0,0.828000009059906,0.0,0.0,7421.875,9.999999747378752e-05,344290.4375,1000000.0,0.0,0.0,231.8181915283203,39888.05078125,2346.8017578125,0.0
DSS-20,0.029999999329447746,12496.9482421875,0.0,0.4300000071525574,0.0,0.0,6396.484375,9.999999747378752e-05,427848.15625,676050.25,0.0,0.0,163.13131713867188,3825.9501953125,296.0205078125,0.0
DSS-21,0.029999999329447746,12405.3955078125,0.0,0.8399999737739563,0.0,0.0,7031.25,9.999999747378752e-05,406354.625,1000000.0,0.0,0.0,244.44444274902344,8486.4150390625,1657.1044921875,0.0
DSS-24,0.029999999329447746,12496.9482421875,0.0,0.5630000233650208,0.0,0.0,7421.875,9.999999747378752e-05,476793.75,933563.8125,0.0,0.0,135.35353088378906,13493.275390625,2346.8017578125,0.0
DSS-25,0.029999999329447746,18753.05078125,0.0,0.3700000047683716,0.0,0.0,10937.5,9.999999747378752e-05,1000000.0,1000000.0,0.0,0.0,136.8686981201172,18359.3984375,3121.9482421875,0.0
ELA-73F P,0.029999999329447746,827.0263671875,0.0,0.8159999847412109,0.0,0.0,1098.6328125,9.999999747378752e-05,53356.15234375,44746.41015625,0.0,0.0,252.5252685546875,27577.3046875,1370.2392578125,0.0
F-119,0.029999999329447746,399.7802734375,0.0,0.5339999794960022,0.0,0.0,341.796875,9.999999747378752e-05,31382.236328125,29820.171875,0.0,0.0,144.44444274902344,5982.76806640625,283.8134765625,0.0
Fleece Pile 1-2,0.029999999329447746,9378.0517578125,0.0,0.9039999842643738,0.0,0.0,6640.625,9.999999747378752e-05,152007.078125,65384.28125,0.0,0.0,212.12120056152344,47215.43359375,3903.1982421875,0.0
GA9435CXL,0.029999999329447746,790.4052734375,0.0,0.20999999344348907,0.0,0.0,1956.1767578125,9.999999747378752e-05,1000000.0,1000000.0,0.0,0.0,97.97979736328125,126843.6875,3121.9482421875,0.0
GF038SBW,0.029999999329447746,1559.4482421875,0.0,0.41200000047683716,0.0,0.0,1754.7607421875,9.999999747378752e-05,307299.5,202063.78125,0.0,0.0,128.2828369140625,18096.12890625,1950.0732421875,0.0
GKS-554XL3-C,0.029999999329447746,3512.5732421875,0.0,0.9139999747276306,0.0,0.0,3707.8857421875,9.999999747378752e-05,330639.78125,489515.25,0.0,0.0,361.1111145019531,192926.171875,3903.1982421875,0.0
GKS-590XL3,0.029999999329447746,1608.2763671875,0.0,0.6299999952316284,0.0,0.0,1779.1748046875,9.999999747378752e-05,368058.9375,332759.65625,0.0,0.0,244.44444274902344,292826.53125,1950.0732421875,0.0
GM514TXL,0.029999999329447746,3121.9482421875,0.0,0.33399999141693115,0.0,0.0,5075.0732421875,9.999999747378752e-05,1000000.0,1000000.0,0.0,0.0,176.2626190185547,184268.546875,7028.1982421875,0.0
GQ020XL,0.029999999329447746,6295.7763671875,0.0,0.3499999940395355,0.0,0.0,6271.3623046875,9.999999747378752e-05,1000000.0,1000000.0,0.0,0.0,241.41415405273438,285027.0625,6246.9482421875,0.0
H2O-M24B,0.029999999329447746,6246.9482421875,0.0,0.7099999785423279,0.0,0.0,10934.4482421875,9.999999747378752e-05,1000000.0,829791.625,0.0,0.0,292.4242248535156,1000000.0,15621.9482421875,0.0
H2O-N567,0.029999999329447746,192.2607421875,0.0,0.12999999523162842,0.0,0.0,115.966796875,9.999999747378752e-05,1000000.0,1000000.0,0.0,0.0,86.36363983154297,1000000.0,39.6728515625,0.0
H2O-TH-55,0.029999999329447746,1950.0732421875,0.0,0.38999998569488525,0.0,0.0,1071.1669921875,9.999999747378752e-05,474127.40625,194082.53125,0.0,0.0,167.67677307128906,27580.63671875,192.2607421875,0.0
H2O-XC117,0.029999999329447746,1657.1044921875,0.0,0.5899999737739563,0.0,0.0,2389.5263671875,9.999999747378752e-05,373669.3125,120882.7421875,0.0,0.0,325.757568359375,313670.0625,3121.9482421875,0.0
H2O-XN205,0.029999999329447746,3219.6044921875,0.0,0.6880000233650208,0.0,0.0,2487.1826171875,9.999999747378752e-05,407893.90625,616559.125,0.0,0.0,270.7070617675781,2985.35888671875,1754.7607421875,0.0
H2O-XN306,0.029999999329447746,485.2294921875,0.0,0.40400001406669617,0.0,0.0,781.25,9.999999747378752e-05,497006.28125,347789.03125,0.0,0.0,186.8686981201172,409903.4375,1077.2705078125,0.0
H2O-XN494,0.029999999329447746,241.0888671875,0.0,0.2800000011920929,0.0,0.0,363.1591796875,9.999999747378752e-05,376863.71875,580825.5,0.0,0.0,147.9798126220703,193431.9375,485.2294921875,0.0
HF-7209,0.029999999329447746,119.0185546875,0.0,0.5099999904632568,0.0,0.0,277.7099609375,9.999999747378752e-05,18416.14453125,80951.1640625,0.0,0.0,147.47476196289062,48629.984375,436.4013671875,0.0
HICOZY-AS-0960,0.029999999329447746,2346.8017578125,0.0,0.47999998927116394,0.0,0.0,1443.4814453125,9.999999747378752e-05,93095.3125,54841.60546875,0.0,0.0,298.4848327636719,28617.693359375,540.1611328125,0.0
HN 2870,0.029999999329447746,1126.0986328125,0.0,0.6100000143051147,0.0,0.0,1730.3466796875,9.999999747378752e-05,202969.84375,207878.40625,0.0,0.0,222.72726440429688,57556.44140625,2334.5947265625,0.0
HP-5202,0.029999999329447746,216.6748046875,0.0,0.5099999904632568,0.0,0.0,595.0927734375,9.999999747378752e-05,45500.7265625,29907.63671875,0.0,0.0,198.48484802246094,11581.224609375,973.5107421875,0.0
HS-RD1179,0.029999999329447746,973.5107421875,0.0,0.30000001192092896,0.0,0.0,854.4921875,9.999999747378752e-05,106193.8671875,194894.03125,0.0,0.0,158.58587646484375,39250.82421875,735.4736328125,0.0
HS360 SUEDE,0.029999999329447746,6057.7392578125,0.0,0.9900000095367432,0.0,0.0,10058.59375,9.999999747378752e-05,320120.34375,58833.7109375,0.0,0.0,354.0404052734375,99103.46875,14059.4482421875,0.0
ITARY FLOWER JACQUARD,0.029999999329447746,37503.05078125,0.0,0.6299999952316284,0.0,0.0,22656.25,9.999999747378752e-05,1000000.0,1000000.0,0.0,0.0,199.4949493408203,69819.6484375,7809.4482421875,0.0
J-P7503-1,0.029999999329447746,3512.5732421875,0.0,0.20900000631809235,0.0,0.0,2441.40625,9.999999747378752e-05,59887.546875,1000000.0,0.0,0.0,121.21212768554688,365000.0625,1370.2392578125,0.0
J17-0880,0.029999999329447746,875.8544921875,0.0,1.0399999618530273,0.0,0.0,1998.9013671875,9.999999747378752e-05,178998.640625,176271.171875,0.0,0.0,243.93939208984375,21866.755859375,3121.9482421875,0.0
JQ 0900 D,0.029999999329447746,241.0888671875,0.0,0.10000000149011612,0.0,0.0,708.0078125,9.999999747378752e-05,1000000.0,1000000.0,0.0,0.0,74.24242401123047,6023.97705078125,1174.9267578125,0.0
JQ 1515,0.029999999329447746,588.9892578125,0.0,0.10999999940395355,0.0,0.0,1086.42578125,9.999999747378752e-05,1000000.0,1000000.0,0.0,0.0,66.16161346435547,9141.154296875,1583.8623046875,0.0
JQ 2611,0.029999999329447746,1559.4482421875,0.0,0.11999999731779099,0.0,0.0,1217.6513671875,9.999999747378752e-05,1000000.0,1000000.0,0.0,0.0,87.37373352050781,88910.046875,875.8544921875,0.0
JQ 3800,0.029999999329447746,1174.9267578125,0.0,0.12800000607967377,0.0,0.0,1562.5,9.999999747378752e-05,1000000.0,1000000.0,0.0,0.0,81.3131332397461,8749.373046875,1950.0732421875,0.0
JQ 4040,0.029999999329447746,802.6123046875,0.0,0.15000000596046448,0.0,0.0,1574.70703125,9.999999747378752e-05,1000000.0,800260.875,0.0,0.0,102.02020263671875,22833.541015625,2346.8017578125,0.0
KBR-6338PZ,0.029999999329447746,18753.05078125,0.0,0.25,0.0,0.0,10937.5,9.999999747378752e-05,152023.84375,213724.953125,0.0,0.0,203.53536987304688,198108.859375,3121.9482421875,0.0
KCF-16-123,0.029999999329447746,411.9873046875,0.0,1.190000057220459,0.0,0.0,1181.0302734375,9.999999747378752e-05,55496.40625,27224.578125,0.0,0.0,245.4545440673828,24201.6171875,1950.0732421875,0.0
KCF-2067 CD,0.029999999329447746,24996.94921875,0.0,1.4199999570846558,0.0,0.0,18746.94921875,9.999999747378752e-05,391635.4375,22404.0546875,0.0,0.0,326.26263427734375,324538.40625,12496.9482421875,0.0
KCS-5010 A,0.029999999329447746,2346.8017578125,0.0,1.5700000524520874,0.0,0.0,10549.92578125,9.999999747378752e-05,164990.96875,416000.21875,0.0,0.0,362.6262512207031,183340.875,18753.05078125,0.0
KCS-5060,0.029999999329447746,4495.2392578125,0.0,1.559999942779541,0.0,0.0,11624.14453125,9.999999747378752e-05,349527.28125,184212.578125,0.0,0.0,363.1313171386719,22377.2890625,18753.05078125,0.0
KIRA-110,0.029999999329447746,241.0888671875,0.0,0.5199999809265137,0.0,0.0,268.5546875,9.999999747378752e-05,367758.28125,110255.390625,0.0,0.0,210.1009979248047,49568.1171875,296.0205078125,0.0
KKC,0.029999999329447746,1370.2392578125,0.0,0.9300000071525574,0.0,0.0,1461.7919921875,9.999999747378752e-05,374279.40625,592840.25,0.0,0.0,264.6464538574219,222195.390625,1553.3447265625,0.0
KPC-1502,0.029999999329447746,3121.9482421875,0.0,0.3100000023841858,0.0,0.0,7031.25,9.999999747378752e-05,149765.09375,244296.59375,0.0,0.0,236.36363220214844,74290.3046875,10940.5517578125,0.0
KS-074E,0.029999999329447746,45.7763671875,0.0,0.03999999910593033,0.0,0.0,216.6748046875,9.999999747378752e-05,1000000.0,1000000.0,0.0,0.0,30.808082580566406,185507.171875,387.5732421875,0.0
KSP-0420,0.029999999329447746,6637.5732421875,0.0,0.3009999990463257,0.0,0.0,6637.5732421875,9.999999747378752e-05,377666.25,356787.125,0.0,0.0,182.82827758789062,125059.7109375,6637.5732421875,0.0
LC008,0.029999999329447746,686.6455078125,0.0,0.14000000059604645,0.0,0.0,354.00390625,9.999999747378752e-05,259050.046875,472725.28125,0.0,0.0,37.878787994384766,3557.9306640625,21.3623046875,0.0
LYNN-CY-0138,0.029999999329447746,1174.9267578125,0.0,0.33000001311302185,0.0,0.0,1074.21875,9.999999747378752e-05,240359.28125,274034.375,0.0,0.0,186.8686981201172,55093.8125,973.5107421875,0.0
M-C2086,0.029999999329447746,3121.9482421875,0.0,0.2669999897480011,0.0,0.0,3808.59375,9.999999747378752e-05,411067.625,231753.625,0.0,0.0,165.65655517578125,27756.44921875,4495.2392578125,0.0
MF-FD288,0.029999999329447746,5862.4267578125,0.0,1.2699999809265137,0.0,0.0,9179.6875,9.999999747378752e-05,647833.9375,514265.625,0.0,0.0,300.0,33070.6796875,12496.9482421875,0.0
MIKARO,0.029999999329447746,7028.1982421875,0.0,0.3700000047683716,0.0,0.0,5465.6982421875,9.999999747378752e-05,465599.5,469515.28125,0.0,0.0,184.34344482421875,18940.05078125,3903.1982421875,0.0
Moleskin-3M-M,0.029999999329447746,735.4736328125,0.0,1.0889999866485596,0.0,0.0,1541.1376953125,9.999999747378752e-05,476574.6875,21721.546875,0.0,0.0,271.7171630859375,36775.80859375,2346.8017578125,0.0
NFS728,0.029999999329447746,39.6728515625,0.0,0.14000000059604645,0.0,0.0,42.724609375,9.999999747378752e-05,423909.1875,94301.40625,0.0,0.0,47.47474670410156,1457.47705078125,45.7763671875,0.0
NMD170 ISC,0.029999999329447746,1754.7607421875,0.0,0.4699999988079071,0.0,0.0,2828.9794921875,9.999999747378752e-05,84599.3046875,81989.65625,0.0,0.0,222.72726440429688,30179.7265625,3903.1982421875,0.0
OP-4680NP-1,0.029999999329447746,192.2607421875,0.0,0.33000001311302185,0.0,0.0,170.8984375,9.999999747378752e-05,249169.8125,88038.453125,0.0,0.0,167.17172241210938,7552.3876953125,149.5361328125,0.0
ORG-LEOPARD,0.029999999329447746,778.1982421875,0.0,0.09000000357627869,0.0,0.0,683.59375,9.999999747378752e-05,110563.984375,104332.9296875,0.0,0.0,20.2020206451416,5906.76513671875,588.9892578125,0.0
ORGANIC 60'S SOLID,0.029999999329447746,1559.4482421875,0.0,0.25,0.0,0.0,2340.6982421875,9.999999747378752e-05,408266.75,338541.0625,0.0,0.0,150.5050506591797,9743.9482421875,3121.9482421875,0.0
PAPI-A201-XM,0.029999999329447746,39.6728515625,0.0,0.03999999910593033,0.0,0.0,45.7763671875,9.999999747378752e-05,220552.703125,1000000.0,0.0,0.0,26.767675399780273,43957.18359375,51.8798828125,0.0
PE-187048P-4,0.029999999329447746,7809.4482421875,0.0,0.6700000166893005,0.0,0.0,8398.4375,9.999999747378752e-05,138727.640625,47193.9921875,0.0,0.0,285.3535461425781,13289.146484375,8987.4267578125,0.0
PICASO,0.029999999329447746,192.2607421875,0.0,0.38600000739097595,0.0,0.0,183.10546875,9.999999747378752e-05,130496.859375,46173.875,0.0,0.0,170.20201110839844,172777.21875,173.9501953125,0.0
PK-BD9026-01,0.029999999329447746,3121.9482421875,0.0,1.0920000076293945,0.0,0.0,4589.84375,9.999999747378752e-05,578328.4375,192680.6875,0.0,0.0,316.16162109375,293885.46875,6057.7392578125,0.0
POWCOAT-1296,0.029999999329447746,1174.9267578125,0.0,0.4000000059604645,0.0,0.0,1074.21875,9.999999747378752e-05,186251.5,51600.3046875,0.0,0.0,179.2929229736328,25328.142578125,973.5107421875,0.0
PTK-1338,0.029999999329447746,12112.4267578125,0.0,2.130000114440918,0.0,0.0,27932.73828125,9.999999747378752e-05,602404.0,543946.125,0.0,0.0,379.2929382324219,150481.25,43753.05078125,0.0
QLT-1238,0.029999999329447746,37503.05078125,0.0,1.121999979019165,0.0,0.0,37503.05078125,9.999999747378752e-05,1000000.0,425977.6875,0.0,0.0,344.4444580078125,75758.1796875,37503.05078125,0.0
RAINBOW,0.029999999329447746,57.9833984375,0.0,0.6079999804496765,0.0,0.0,271.6064453125,9.999999747378752e-05,106547.765625,202426.140625,0.0,0.0,180.3030242919922,32557.533203125,485.2294921875,0.0
REO287#NV01,0.029999999329447746,778.1982421875,0.0,0.5699999928474426,0.0,0.0,1950.0732421875,9.999999747378752e-05,298723.21875,82958.078125,0.0,0.0,272.2221984863281,740606.0625,3121.9482421875,0.0
RMESH2,0.029999999329447746,106.8115234375,0.0,0.37400001287460327,0.0,0.0,100.7080078125,9.999999747378752e-05,258745.65625,393816.0,0.0,0.0,128.78787231445312,60500.390625,94.6044921875,0.0
S BOLT,0.029999999329447746,778.1982421875,0.0,0.3799999952316284,0.0,0.0,488.28125,9.999999747378752e-05,179989.765625,143397.703125,0.0,0.0,160.60606384277344,86423.875,198.3642578125,0.0
S-C3033PTPU,0.029999999329447746,1370.2392578125,0.0,0.20600000023841858,0.0,0.0,1464.84375,9.999999747378752e-05,671639.375,1000000.0,0.0,0.0,130.80809020996094,203205.3125,1559.4482421875,0.0
SA-36GPWW,0.029999999329447746,6246.9482421875,0.0,0.27000001072883606,0.0,0.0,4296.875,9.999999747378752e-05,1000000.0,1000000.0,0.0,0.0,159.59596252441406,172771.9375,2346.8017578125,0.0
SD-4134 (L),0.029999999329447746,436.4013671875,0.0,0.5820000171661377,0.0,0.0,607.2998046875,9.999999747378752e-05,403832.03125,245326.125,0.0,0.0,250.5050506591797,56046.375,778.1982421875,0.0
SD13361RS-B,0.029999999329447746,7809.4482421875,0.0,0.7900000214576721,0.0,0.0,5856.3232421875,9.999999747378752e-05,156100.859375,308782.0,0.0,0.0,244.44444274902344,60684.4296875,3903.1982421875,0.0
SD14040,0.029999999329447746,2932.7392578125,0.0,0.4020000100135803,0.0,0.0,3027.34375,9.999999747378752e-05,1000000.0,552315.75,0.0,0.0,144.44444274902344,201449.890625,3121.9482421875,0.0
SD15163SD,0.029999999329447746,8987.4267578125,0.0,0.6909999847412109,0.0,0.0,10549.9267578125,9.999999747378752e-05,1000000.0,1000000.0,0.0,0.0,348.4848327636719,300396.53125,12112.4267578125,0.0
SFT-WKL-003-045,0.029999999329447746,39.6728515625,0.0,0.07000000029802322,0.0,0.0,67.138671875,9.999999747378752e-05,1000000.0,615581.6875,0.0,0.0,36.36363983154297,10129.08984375,94.6044921875,0.0
SFT-WKL-004-009,0.029999999329447746,27.4658203125,0.0,0.10000000149011612,0.0,0.0,61.03515625,9.999999747378752e-05,322969.1875,169437.203125,0.0,0.0,37.878787994384766,4389.2255859375,94.6044921875,0.0
SFT-WKL-006-038,0.029999999329447746,485.2294921875,0.0,0.17000000178813934,0.0,0.0,631.7138671875,9.999999747378752e-05,548044.375,465306.4375,0.0,0.0,112.62626647949219,42797.5390625,778.1982421875,0.0
SFT-WKL-011-039,0.029999999329447746,588.9892578125,0.0,0.1899999976158142,0.0,0.0,1074.21875,9.999999747378752e-05,479251.375,638513.9375,0.0,0.0,112.62626647949219,25173.08984375,1559.4482421875,0.0
SFT-WMY-060-025,0.029999999329447746,15.2587890625,0.0,0.15000000596046448,0.0,0.0,30.517578125,9.999999747378752e-05,217817.328125,142334.359375,0.0,0.0,54.0404052734375,2126.49169921875,45.7763671875,0.0
SHSF-001,0.029999999329447746,973.5107421875,0.0,0.8399999737739563,0.0,0.0,924.6826171875,9.999999747378752e-05,63313.453125,161133.328125,0.0,0.0,315.65655517578125,226315.90625,875.8544921875,0.0
SHSF-002,0.029999999329447746,735.4736328125,0.0,0.8999999761581421,0.0,0.0,610.3515625,9.999999747378752e-05,255930.46875,356391.25,0.0,0.0,302.5252380371094,89606.0,485.2294921875,0.0
SHSF-016,0.029999999329447746,875.8544921875,0.0,1.0099999904632568,0.0,0.0,1998.9013671875,9.999999747378752e-05,390948.6875,306899.90625,0.0,0.0,295.9596252441406,40751.7109375,3121.9482421875,0.0
SHSF-017,0.029999999329447746,802.6123046875,0.0,1.149999976158142,0.0,0.0,2059.9365234375,9.999999747378752e-05,50790.32421875,53144.6171875,0.0,0.0,304.54547119140625,134847.921875,3317.2607421875,0.0
SI-4795,0.029999999329447746,100.7080078125,0.0,0.3400000035762787,0.0,0.0,100.7080078125,9.999999747378752e-05,54585.546875,267715.03125,0.0,0.0,117.67676544189453,67502.4453125,100.7080078125,0.0
SJ-1168,0.029999999329447746,1559.4482421875,0.0,0.3089999854564667,0.0,0.0,2731.3232421875,9.999999747378752e-05,138927.6875,124017.515625,0.0,0.0,165.65655517578125,21905.40625,3903.1982421875,0.0
SJ-1220,0.029999999329447746,7028.1982421875,0.0,0.5529999732971191,0.0,0.0,4733.2763671875,9.999999747378752e-05,267132.15625,301449.0625,0.0,0.0,260.10101318359375,15098.841796875,2438.3544921875,0.0
SJ-391,0.029999999329447746,485.2294921875,0.0,0.8199999928474426,0.0,0.0,875.8544921875,9.999999747378752e-05,185100.796875,143288.9375,0.0,0.0,180.3030242919922,17012.595703125,1266.4794921875,0.0
SJ-483,0.029999999329447746,5862.4267578125,0.0,0.9700000286102295,0.0,0.0,7620.2392578125,9.999999747378752e-05,729055.8125,528974.125,0.0,0.0,315.1514892578125,9784.4482421875,9378.0517578125,0.0
SJ-564,0.029999999329447746,2389.5263671875,0.0,0.29899999499320984,0.0,0.0,2368.1640625,9.999999747378752e-05,96996.78125,250156.546875,0.0,0.0,216.16162109375,8096.5908203125,2346.8017578125,0.0
SJ-719-TP7030,0.029999999329447746,1565.5517578125,0.0,0.4099999964237213,0.0,0.0,2343.75,9.999999747378752e-05,85905.1796875,297124.9375,0.0,0.0,272.2221984863281,16744.796875,3121.9482421875,0.0
SJ-742-B,0.029999999329447746,1950.0732421875,0.0,0.39399999380111694,0.0,0.0,4196.1669921875,9.999999747378752e-05,887807.3125,213760.953125,0.0,0.0,222.22222900390625,67522.9140625,6442.2607421875,0.0
SJ-942,0.029999999329447746,1559.4482421875,0.0,0.23600000143051147,0.0,0.0,1174.9267578125,9.999999747378752e-05,172689.3125,190059.21875,0.0,0.0,152.52523803710938,7111.5244140625,790.4052734375,0.0
SJC-1608,0.029999999329447746,6246.9482421875,0.0,0.30000001192092896,0.0,0.0,3366.0888671875,9.999999747378752e-05,372727.84375,380273.96875,0.0,0.0,126.26263427734375,8873.228515625,485.2294921875,0.0
SJC-18004J,0.029999999329447746,1559.4482421875,0.0,0.2800000011920929,0.0,0.0,2340.6982421875,9.999999747378752e-05,386374.5,522055.25,0.0,0.0,135.85858154296875,26710.7890625,3121.9482421875,0.0
SJC-18008J,0.029999999329447746,387.5732421875,0.0,0.30000001192092896,0.0,0.0,341.796875,9.999999747378752e-05,83798.078125,103615.0,0.0,0.0,136.8686981201172,90380.515625,296.0205078125,0.0
SJQ-1061P,0.029999999329447746,70.1904296875,0.0,0.38600000739097595,0.0,0.0,73.2421875,9.999999747378752e-05,333953.15625,387471.84375,0.0,0.0,123.23233032226562,75956.5546875,76.2939453125,0.0
SJS-180012D,0.029999999329447746,1370.2392578125,0.0,0.2199999988079071,0.0,0.0,759.8876953125,9.999999747378752e-05,384674.25,437963.75,0.0,0.0,122.7272720336914,142995.640625,149.5361328125,0.0
SM-2548-5,0.029999999329447746,588.9892578125,0.0,0.6069999933242798,0.0,0.0,442.5048828125,9.999999747378752e-05,56376.046875,30392.3828125,0.0,0.0,237.37371826171875,16942.41015625,296.0205078125,0.0
SMKW-5711-1,0.029999999329447746,778.1982421875,0.0,0.6100000143051147,0.0,0.0,1168.8232421875,9.999999747378752e-05,144724.515625,105087.5546875,0.0,0.0,203.03030395507812,176121.34375,1559.4482421875,0.0
SMM-125,0.029999999329447746,4690.5517578125,0.0,0.23999999463558197,0.0,0.0,2688.5986328125,9.999999747378752e-05,1000000.0,1000000.0,0.0,0.0,184.34344482421875,16163.6669921875,686.6455078125,0.0
SMR-142,0.029999999329447746,2346.8017578125,0.0,0.3100000023841858,0.0,0.0,3909.3017578125,9.999999747378752e-05,1000000.0,1000000.0,0.0,0.0,194.44444274902344,109015.4375,5471.8017578125,0.0
SOFT WOOLDAL,0.029999999329447746,241.0888671875,0.0,0.5199999809265137,0.0,0.0,607.2998046875,9.999999747378752e-05,252164.96875,129421.875,0.0,0.0,183.83839416503906,39943.9375,973.5107421875,0.0
SOLARI PU,0.029999999329447746,564.5751953125,0.0,0.3779999911785126,0.0,0.0,4971.3134765625,9.999999747378752e-05,1000000.0,185756.5625,0.0,0.0,334.34344482421875,168406.40625,9378.0517578125,0.0
SP-03727P,0.029999999329447746,149.5361328125,0.0,0.38999998569488525,0.0,0.0,161.7431640625,9.999999747378752e-05,238086.34375,43131.60546875,0.0,0.0,166.16160583496094,197985.484375,173.9501953125,0.0
SP-2285NP,0.029999999329447746,149.5361328125,0.0,0.37400001287460327,0.0,0.0,122.0703125,9.999999747378752e-05,46710.66015625,131191.671875,0.0,0.0,144.94949340820312,40667.19921875,94.6044921875,0.0
SP-5107NP,0.029999999329447746,204.4677734375,0.0,0.38999998569488525,0.0,0.0,204.4677734375,9.999999747378752e-05,166274.421875,243489.078125,0.0,0.0,161.6161651611328,13901.498046875,204.4677734375,0.0
SP-5430NP,0.029999999329447746,1559.4482421875,0.0,0.4699999988079071,0.0,0.0,1855.46875,9.999999747378752e-05,306887.46875,284985.5625,0.0,0.0,194.44444274902344,173948.609375,2151.4892578125,0.0
SP-5431NP,0.029999999329447746,192.2607421875,0.0,0.5860000252723694,0.0,0.0,704.9560546875,9.999999747378752e-05,186132.0625,235372.984375,0.0,0.0,217.17172241210938,262005.90625,1217.6513671875,0.0
SP-5511P-1,0.029999999329447746,149.5361328125,0.0,0.6899999976158142,0.0,0.0,369.2626953125,9.999999747378752e-05,134353.546875,207682.015625,0.0,0.0,233.3333282470703,207771.578125,588.9892578125,0.0
SP-5686NP,0.029999999329447746,149.5361328125,0.0,0.4560000002384186,0.0,0.0,170.8984375,9.999999747378752e-05,138590.359375,120765.6796875,0.0,0.0,181.81817626953125,42720.9375,192.2607421875,0.0
SP-5816P-F,0.029999999329447746,106.8115234375,0.0,0.3440000116825104,0.0,0.0,79.345703125,9.999999747378752e-05,246411.734375,317858.625,0.0,0.0,114.6464614868164,77085.078125,51.8798828125,0.0
SP-6935P,0.029999999329447746,2737.4267578125,0.0,0.6100000143051147,0.0,0.0,2246.09375,9.999999747378752e-05,338444.8125,179429.40625,0.0,0.0,202.5252685546875,183567.046875,1754.7607421875,0.0
SP-7029P,0.029999999329447746,216.6748046875,0.0,0.4699999988079071,0.0,0.0,204.4677734375,9.999999747378752e-05,184202.53125,68440.15625,0.0,0.0,175.25253295898438,110698.125,192.2607421875,0.0
SP-7093N,0.029999999329447746,241.0888671875,0.0,0.5820000171661377,0.0,0.0,363.1591796875,9.999999747378752e-05,154957.5,63788.7890625,0.0,0.0,208.080810546875,42329.7578125,485.2294921875,0.0
SP-Q018 BR,0.029999999329447746,4690.5517578125,0.0,1.0269999504089355,0.0,0.0,5517.578125,9.999999747378752e-05,572943.0625,330366.375,0.0,0.0,298.9898986816406,398397.53125,6344.6044921875,0.0
SP-T002,0.029999999329447746,485.2294921875,0.0,0.5699999928474426,0.0,0.0,338.7451171875,9.999999747378752e-05,273952.125,141355.15625,0.0,0.0,202.5252685546875,125362.46875,192.2607421875,0.0
SP11119B,0.029999999329447746,94.6044921875,0.0,0.19499999284744263,0.0,0.0,643.9208984375,9.999999747378752e-05,1000000.0,247195.515625,0.0,0.0,104.0404052734375,23980.7578125,1193.2373046875,0.0
SP123612B,0.029999999329447746,3903.1982421875,0.0,0.49000000953674316,0.0,0.0,4687.5,9.999999747378752e-05,544836.75,420564.96875,0.0,0.0,258.080810546875,313405.125,5471.8017578125,0.0
SP123910-IT,0.029999999329447746,387.5732421875,0.0,0.27000001072883606,0.0,0.0,680.5419921875,9.999999747378752e-05,326306.09375,264220.15625,0.0,0.0,152.02020263671875,157141.09375,973.5107421875,0.0
SP44466D,0.029999999329447746,3903.1982421875,0.0,0.3479999899864197,0.0,0.0,4296.875,9.999999747378752e-05,1000000.0,1000000.0,0.0,0.0,185.35353088378906,150547.6875,4690.5517578125,0.0
SPH-50N-S,0.029999999329447746,45.7763671875,0.0,0.2619999945163727,0.0,0.0,70.1904296875,9.999999747378752e-05,315652.84375,61465.609375,0.0,0.0,105.55554962158203,8195.82421875,94.6044921875,0.0
SPH-557NP,0.029999999329447746,45.7763671875,0.0,0.35199999809265137,0.0,0.0,97.65625,9.999999747378752e-05,81709.3125,92939.828125,0.0,0.0,142.4242401123047,6442.3935546875,149.5361328125,0.0
SS 130,0.029999999329447746,778.1982421875,0.0,0.2199999988079071,0.0,0.0,927.734375,9.999999747378752e-05,1000000.0,216017.359375,0.0,0.0,82.82827758789062,24422.375,1077.2705078125,0.0
SS 150A,0.029999999329447746,3121.9482421875,0.0,0.20999999344348907,0.0,0.0,2047.7294921875,9.999999747378752e-05,376992.09375,419040.9375,0.0,0.0,76.7676773071289,24210.4453125,973.5107421875,0.0
SS 351,0.029999999329447746,12496.9482421875,0.0,0.25699999928474426,0.0,0.0,6420.8984375,9.999999747378752e-05,416933.1875,191847.421875,0.0,0.0,119.69696044921875,6567.2451171875,344.8486328125,0.0
SUPRA-49AC,0.029999999329447746,973.5107421875,0.0,0.10000000149011612,0.0,0.0,549.31640625,9.999999747378752e-05,170462.890625,1000000.0,0.0,0.0,67.17172241210938,14142.00390625,125.1220703125,0.0
TD0632,0.029999999329447746,1559.4482421875,0.0,0.6380000114440918,0.0,0.0,2340.6982421875,9.999999747378752e-05,239566.78125,182057.15625,0.0,0.0,291.919189453125,17870.2734375,3121.9482421875,0.0
TEX-5801,0.029999999329447746,241.0888671875,0.0,0.47999998927116394,0.0,0.0,320.4345703125,9.999999747378752e-05,65284.015625,21817.712890625,0.0,0.0,214.64646911621094,9976.380859375,399.7802734375,0.0
TEX-6061,0.029999999329447746,1174.9267578125,0.0,0.6940000057220459,0.0,0.0,973.5107421875,9.999999747378752e-05,78353.078125,25625.7109375,0.0,0.0,240.90908813476562,7470.75,772.0947265625,0.0
TEX-6736,0.029999999329447746,1467.8955078125,0.0,0.7300000190734863,0.0,0.0,1419.0673828125,9.999999747378752e-05,15519.4736328125,15951.025390625,0.0,0.0,277.77777099609375,4359.0458984375,1370.2392578125,0.0
TF-22365,0.029999999329447746,1370.2392578125,0.0,0.699999988079071,0.0,0.0,2246.09375,9.999999747378752e-05,105307.671875,178369.359375,0.0,0.0,247.97979736328125,25830.826171875,3121.9482421875,0.0
TN237,0.029999999329447746,302.1240234375,0.0,0.6299999952316284,0.0,0.0,296.0205078125,9.999999747378752e-05,154280.609375,131244.78125,0.0,0.0,269.6969909667969,58951.41015625,289.9169921875,0.0
TN253,0.029999999329447746,387.5732421875,0.0,0.5559999942779541,0.0,0.0,436.4013671875,9.999999747378752e-05,51499.7421875,178658.015625,0.0,0.0,196.4646453857422,147548.015625,485.2294921875,0.0
TN285,0.029999999329447746,540.1611328125,0.0,0.6579999923706055,0.0,0.0,463.8671875,9.999999747378752e-05,82642.296875,71522.203125,0.0,0.0,279.7979736328125,7259.982421875,387.5732421875,0.0
TN290,0.029999999329447746,94.6044921875,0.0,0.6460000276565552,0.0,0.0,189.208984375,9.999999747378752e-05,535693.75,64172.93359375,0.0,0.0,266.1615905761719,8395.892578125,283.8134765625,0.0
TPR-1069,0.029999999329447746,57.9833984375,0.0,0.15000000596046448,0.0,0.0,51.8798828125,9.999999747378752e-05,1000000.0,252925.5,0.0,0.0,80.8080825805664,54974.609375,45.7763671875,0.0
TULIP DOUBLE KNIT,0.029999999329447746,9378.0517578125,0.0,0.5699999928474426,0.0,0.0,6347.65625,9.999999747378752e-05,481760.15625,565752.875,0.0,0.0,196.96971130371094,22818.927734375,3317.2607421875,0.0
TYVEK-FOIL18,0.029999999329447746,11721.8017578125,0.0,0.11599999666213989,0.0,0.0,18359.375,9.999999747378752e-05,1000000.0,1000000.0,0.0,0.0,54.54545593261719,1000000.0,24996.94921875,0.0
V5164,0.029999999329447746,302.1240234375,0.0,0.33000001311302185,0.0,0.0,637.8173828125,9.999999747378752e-05,423869.6875,235256.703125,0.0,0.0,197.47476196289062,5765.28076171875,973.5107421875,0.0
VEN0091,0.029999999329447746,241.0888671875,0.0,0.15000000596046448,0.0,0.0,143.4326171875,9.999999747378752e-05,224450.375,427943.1875,0.0,0.0,74.74747467041016,2902.101806640625,45.7763671875,0.0
VERTICAL SILK,0.029999999329447746,18753.05078125,0.0,0.20600000023841858,0.0,0.0,10928.34375,9.999999747378752e-05,310340.125,676361.375,0.0,0.0,104.0404052734375,24050.720703125,3103.6376953125,0.0
VISTER 1313,0.029999999329447746,216.6748046875,0.0,0.07999999821186066,0.0,0.0,402.83203125,9.999999747378752e-05,1000000.0,1000000.0,0.0,0.0,58.58585739135742,5263.64794921875,588.9892578125,0.0
VISTER 1315,0.029999999329447746,479.1259765625,0.0,0.09000000357627869,0.0,0.0,457.763671875,9.999999747378752e-05,1000000.0,876440.0625,0.0,0.0,57.07070541381836,4921.64697265625,436.4013671875,0.0
W-327,0.029999999329447746,3317.2607421875,0.0,1.0080000162124634,0.0,0.0,3610.2294921875,9.999999747378752e-05,126268.59375,196641.65625,0.0,0.0,335.3535461425781,12884.896484375,3903.1982421875,0.0
WOOL COTTON,0.029999999329447746,1559.4482421875,0.0,1.2000000476837158,0.0,0.0,3170.7763671875,9.999999747378752e-05,432321.875,583819.375,0.0,0.0,282.3232421875,288666.21875,4782.1044921875,0.0
WOOL FLEECE,0.029999999329447746,7809.4482421875,0.0,1.2949999570846558,0.0,0.0,6442.2607421875,9.999999747378752e-05,127444.765625,224299.53125,0.0,0.0,269.1919250488281,108872.671875,5075.0732421875,0.0
WSDC100_106 SP70,0.029999999329447746,778.1982421875,0.0,0.5839999914169312,0.0,0.0,476.07421875,9.999999747378752e-05,183053.609375,287291.15625,0.0,0.0,297.97979736328125,109369.1875,173.9501953125,0.0
WSFC135_106 SP70,0.029999999329447746,778.1982421875,0.0,0.5680000185966492,0.0,0.0,537.109375,9.999999747378752e-05,348215.125,129330.359375,0.0,0.0,282.8282775878906,180628.875,296.0205078125,0.0
XG-6306(CONDUCTIVE),0.029999999329447746,149.5361328125,0.0,0.5199999809265137,0.0,0.0,149.5361328125,9.999999747378752e-05,436228.25,330159.5625,0.0,0.0,127.77777862548828,9719.484375,149.5361328125,0.0
Y-778,0.029999999329447746,827.0263671875,0.0,1.190000057220459,0.0,0.0,1193.2373046875,9.999999747378752e-05,223411.1875,390659.6875,0.0,0.0,251.51515197753906,44287.546875,1559.4482421875,0.0
YARN DYED STRIPE,0.029999999329447746,6246.9482421875,0.0,0.17000000178813934,0.0,0.0,3341.6748046875,9.999999747378752e-05,317958.21875,327417.34375,0.0,0.0,87.37373352050781,37240.8125,436.4013671875,0.0
YC409-4(D-LAM),0.029999999329447746,1754.7607421875,0.0,0.2290000021457672,0.0,0.0,7122.802734375,9.999999747378752e-05,1000000.0,1000000.0,0.0,0.0,175.25253295898438,137965.78125,12490.8447265625,0.0
YH180047,0.029999999329447746,485.2294921875,0.0,0.9169999957084656,0.0,0.0,317.3828125,9.999999747378752e-05,2783.848876953125,14352.1484375,0.0,0.0,142.4242401123047,5391.0361328125,149.5361328125,0.0
YNC301-42(PU),0.029999999329447746,1370.2392578125,0.0,0.1889999955892563,0.0,0.0,1272.5830078125,9.999999747378752e-05,1000000.0,1000000.0,0.0,0.0,127.77777862548828,55518.88671875,1174.9267578125,0.0
YX-TWILL,0.029999999329447746,588.9892578125,0.0,0.10599999874830246,0.0,0.0,1074.21875,9.999999747378752e-05,1000000.0,1000000.0,0.0,0.0,73.2323226928711,3040.935546875,1559.4482421875,0.0
